<?xml version="1.0" encoding="UTF-8"?>
<beans xmlns="http://www.springframework.org/schema/beans"
	xmlns:xsi="http://www.w3.org/2001/XMLSchema-instance" 
    xmlns:security="http://www.springframework.org/schema/security"
	xmlns:p="http://www.springframework.org/schema/p"
	xmlns:jdbc="http://www.springframework.org/schema/jdbc" 
	xsi:schemaLocation="http://www.springframework.org/schema/beans 
	   		http://www.springframework.org/schema/beans/spring-beans-3.0.xsd
			http://www.springframework.org/schema/security 
			http://www.springframework.org/schema/security/spring-security-3.0.xsd
			http://www.springframework.org/schema/jdbc 
			http://www.springframework.org/schema/jdbc/spring-jdbc-3.0.xsd">

	<!-- Enables method security with expression-based access control -->
	<security:global-method-security pre-post-annotations="enabled">
		<!-- Reference to a custom expression handler with ACL support -->
		<security:expression-handler ref="expressionHandler" />
	</security:global-method-security>

	<!-- A customized expression handler
		permissionEvaluator: a reference to a custom PermissionEvaluator
		roleHierarchy: defines the role order -->
	<bean id="expressionHandler" class="org.springframework.security.access.expression.method.DefaultMethodSecurityExpressionHandler"
		p:permissionEvaluator-ref="permissionEvaluator"
		p:roleHierarchy-ref="roleHierarchy" />
	
	<!-- A customized PermissionEvaluator that evaluates permissions via the ACL module -->
	<bean class="org.springframework.security.acls.AclPermissionEvaluator" id="permissionEvaluator">
		<!-- Reference to the ACL service which performs JDBC calls to an ACL database -->
		<constructor-arg ref="aclService"/>
	</bean>

	<!-- A customized ACL service which provides default JDBC implementation -->
	<bean class="org.springframework.security.acls.jdbc.JdbcMutableAclService" id="aclService">
		<constructor-arg ref="dataSource"/>
        <constructor-arg ref="lookupStrategy"/>
        <constructor-arg ref="aclCache"/>
	</bean>
	
	<!-- A lookup strategy for optimizing database queries -->
	<bean id="lookupStrategy" class="org.springframework.security.acls.jdbc.BasicLookupStrategy">
        <constructor-arg ref="dataSource"/>
        <constructor-arg ref="aclCache"/>
        <constructor-arg ref="aclAuthorizationStrategy"/>
        <constructor-arg ref="auditLogger"/>
    </bean>
    
    <!-- A MySQL datasource with pooling capabalities for the ACL module -->
    <bean id="dataSource" class="com.mchange.v2.c3p0.ComboPooledDataSource"
		 destroy-method="close"
		 p:driverClass="com.mysql.jdbc.Driver"
		 p:jdbcUrl="jdbc:mysql://localhost:3306/acl"
		 p:user="root"
		 p:password="password"
		 p:acquireIncrement="5"
		 p:idleConnectionTestPeriod="60"
		 p:maxPoolSize="100"
		 p:maxStatements="50"
		 p:minPoolSize="10" />

    <!-- An ACL cache to minimize calls to the ACL database -->   
  	<bean id="aclCache" class="org.springframework.security.acls.domain.EhCacheBasedAclCache">
        <constructor-arg>
            <bean class="org.springframework.cache.ehcache.EhCacheFactoryBean">
                <property name="cacheManager">
                    <bean class="org.springframework.cache.ehcache.EhCacheManagerFactoryBean"/>
                </property>
                <property name="cacheName" value="aclCache"/>
            </bean>
        </constructor-arg>
    </bean>

	<!-- An ACL authorization strategy to determine whether a principal is permitted to call administrative methods -->
    <bean id="aclAuthorizationStrategy" class="org.springframework.security.acls.domain.AclAuthorizationStrategyImpl">
        <constructor-arg>
            <list>
                <bean class="org.springframework.security.core.authority.GrantedAuthorityImpl">
                    <constructor-arg value="ROLE_ADMIN"/>
                </bean>
                <bean class="org.springframework.security.core.authority.GrantedAuthorityImpl">
                    <constructor-arg value="ROLE_ADMIN"/>
                </bean>
                <bean class="org.springframework.security.core.authority.GrantedAuthorityImpl">
                    <constructor-arg value="ROLE_ADMIN"/>
                </bean>
            </list>
        </constructor-arg>
    </bean>
 
 	<!-- An audit logger used to log audit events -->
    <bean id="auditLogger" class="org.springframework.security.acls.domain.ConsoleAuditLogger"/>
    
    <!-- Defines the role order -->
 	<!-- http://static.springsource.org/spring-security/site/docs/3.0.x/apidocs/org/springframework/security/access/hierarchicalroles/RoleHierarchyImpl.html -->
	<bean id="roleHierarchy"  class="org.springframework.security.access.hierarchicalroles.RoleHierarchyImpl">
	    <property name="hierarchy">
	        <value>
	            ROLE_ADMIN > ROLE_USER
	            ROLE_USER > ROLE_VISITOR
	        </value>
	    </property>
	</bean>
</beans>
