<?xml version="1.0" encoding="UTF-8"?>
<beans xmlns="http://www.springframework.org/schema/beans"
	xmlns:xsi="http://www.w3.org/2001/XMLSchema-instance" 
    xmlns:security="http://www.springframework.org/schema/security"
	xsi:schemaLocation="http://www.springframework.org/schema/beans 
	   		http://www.springframework.org/schema/beans/spring-beans-3.0.xsd
			http://www.springframework.org/schema/security 
			http://www.springframework.org/schema/security/spring-security-3.0.xsd">
	
	<!-- Loads ACL related configurations -->
	<import resource="acl-context.xml" />
	
	<!-- This is where we configure Spring-Security  -->
	<security:http auto-config="true" use-expressions="true" access-denied-page="/mycompany/auth/denied" >
	
		<security:intercept-url pattern="/mycompany/auth/login" access="permitAll"/>
		<security:intercept-url pattern="/mycompany/bulletin/view" access="hasRole('ROLE_VISITOR')"/>
		<security:intercept-url pattern="/mycompany/role/admin" access="hasRole('ROLE_ADMIN')"/>
		<security:intercept-url pattern="/mycompany/role/user" access="hasRole('ROLE_USER')"/>
		<security:intercept-url pattern="/mycompany/role/visitor" access="hasRole('ROLE_VISITOR')"/>
		
		<security:form-login
				login-page="/mycompany/auth/login" 
				authentication-failure-url="/mycompany/auth/login?error=true" 
				default-target-url="/mycompany/bulletin/view"/>
			
		<security:logout 
				invalidate-session="true" 
				logout-success-url="/mycompany/auth/login" 
				logout-url="/mycompany/auth/logout"/>
	
	</security:http>
	
	<!-- Declare an authentication-manager to use a custom userDetailsService -->
	<security:authentication-manager>
	        <security:authentication-provider user-service-ref="userDetailsService">
	        		<security:password-encoder ref="passwordEncoder"/>
	        </security:authentication-provider>
	</security:authentication-manager>
	
	<!-- Use a Md5 encoder since the user's passwords are stored as Md5 in the database -->
	<bean class="org.springframework.security.authentication.encoding.Md5PasswordEncoder" id="passwordEncoder"/>

	 <!-- An in-memory list of users. No need to access an external database layer.
		    See Spring Security 3.1 Reference 5.2.1 In-Memory Authentication -->
	 <!-- john's password: admin
	 		jane's password: user
	 		mike's password: visitor  -->
	 <security:user-service id="userDetailsService">
	    <security:user name="john" password="21232f297a57a5a743894a0e4a801fc3" authorities="ROLE_ADMIN, ROLE_USER, ROLE_VISITOR" />
	    <security:user name="jane" password="ee11cbb19052e40b07aac0ca060c23ee" authorities="ROLE_USER, ROLE_VISITOR" />
	    <security:user name="mike" password="127870930d65c57ee65fcc47f2170d38" authorities="ROLE_VISITOR" />
	  </security:user-service>
	
</beans>
