<?xml version="1.0" encoding="UTF-8"?>
<beans xmlns="http://www.springframework.org/schema/beans"
	xmlns:xsi="http://www.w3.org/2001/XMLSchema-instance"
	xmlns:p="http://www.springframework.org/schema/p" 
	xmlns:util="http://www.springframework.org/schema/util"
	xsi:schemaLocation="http://www.springframework.org/schema/beans 
	   		http://www.springframework.org/schema/beans/spring-beans-3.0.xsd
			http://www.springframework.org/schema/util 
			http://www.springframework.org/schema/util/spring-util-3.0.xsd">
    
    <!-- Declare a simple map containing all our roles -->	
    <util:map id="permissionsMap">
	    <entry key="ROLE_ADMIN" value-ref="admin"/>
	    <entry key="ROLE_USER" value-ref="user"/>
	    <entry key="ROLE_VISITOR" value-ref="visitor"/>
	</util:map>
	
	<!-- Declare permissions for Admin
		Contains a map of objects and their associated allowed actions -->
	<bean id="admin" class="org.mycompany.tutorial.security.Permission" >
		<property name="objects">
			<map>
				<entry key="org.mycompany.tutorial.domain.AdminPost">
					<list>
						<value>READ</value>
						<value>WRITE</value>
					</list>
				</entry>
				<entry key="org.mycompany.tutorial.domain.PersonalPost">
					<list>
						<value>READ</value>
					</list>
				</entry>
				<entry key="org.mycompany.tutorial.domain.PublicPost">
					<list>
						<value>READ</value>
						<value>WRITE</value>
					</list>
				</entry>
			</map>
		</property>
	</bean>
	
	<!-- Declare permissions for User 
		Contains a map of objects and their associated allowed actions -->
	<bean id="user" class="org.mycompany.tutorial.security.Permission" >	
		<property name="objects">
			<map>
				<entry key="org.mycompany.tutorial.domain.PersonalPost">
					<list>
						<value>READ</value>
						<value>WRITE</value>
					</list>
				</entry>
				<entry key="org.mycompany.tutorial.domain.PublicPost">
					<list>
						<value>READ</value>
						<value>WRITE</value>
					</list>
				</entry>
			</map>
		</property>	
	</bean>
	
	<!-- Declare permissions for Visitor 
		Contains a map of objects and their associated allowed actions -->
	<bean id="visitor" class="org.mycompany.tutorial.security.Permission" >	
		<property name="objects">
			<map>
				<entry key="org.mycompany.tutorial.domain.PublicPost">
					<list>
						<value>READ</value>
					</list>
				</entry>
			</map>
		</property>	
	</bean>
</beans>