<?xml version="1.0" encoding="UTF-8"?>
<beans xmlns="http://www.springframework.org/schema/beans"
	xmlns:xsi="http://www.w3.org/2001/XMLSchema-instance" xmlns:context="http://www.springframework.org/schema/context"
	xsi:schemaLocation="http://www.springframework.org/schema/beans http://www.springframework.org/schema/beans/spring-beans.xsd
		http://www.springframework.org/schema/context http://www.springframework.org/schema/context/spring-context-4.1.xsd">

	<context:component-scan base-package="com"></context:component-scan> 
	<bean id="mydatasource" class="org.apache.commons.dbcp.BasicDataSource">
		<property name="driverClassName" value="oracle.jdbc.driver.OracleDriver"></property>
		<property name="username" value="system"></property>
		<property name="password" value="system"></property>
		<property name="url" value="jdbc:oracle:thin:@localhost:1521:xe"></property>
	</bean>

	<bean id="factory"
		class="org.springframework.orm.hibernate3.annotation.AnnotationSessionFactoryBean">
		<property name="packagesToScan" value="com.training.bean"></property>
		<property name="dataSource" ref="mydatasource"></property>
		<property name="annotatedClasses">
			<list>
				<value>com.training.bean.Book</value>
			</list>
		</property>
		
		<property name="hibernateProperties">
			<props>
				<prop key="hibernate.dialect">
					org.hibernate.dialect.Oracle10gDialect
				</prop>
				<prop key="hibernate.hbm2ddl.auto">
					update
				</prop>
			</props>
		</property>
	</bean>
</beans>
