<beans xmlns="http://www.springframework.org/schema/beans"
	xmlns:xsi="http://www.w3.org/2001/XMLSchema-instance"
	xsi:schemaLocation="http://www.springframework.org/schema/beans
http://www.springframework.org/schema/beans/spring-beans-2.5.xsd">

	<bean id="customerService" class="com.mycompany.customer.services.CustomerService">
		<property name="name" value="John Doe" />
		<property name="url" value="http://www.mycompany.com" />
	</bean>

	<bean id="hijackAroundMethodBean" class="com.mycompany.aop.HijackBeforeMethod" />
	
	<bean id="hijackAroundMethodBean1" class="com.mycompany.aop.HijackAfterMethod" />

	<bean id="customerServiceProxy" class="org.springframework.aop.framework.ProxyFactoryBean">

		<property name="target" ref="customerService" />

		<property name="interceptorNames">
			<list>
				<value>hijackAroundMethodBean</value>
				<value>hijackAroundMethodBean1</value>
			</list>
		</property>
	</bean>
</beans>