<?xml version="1.0" encoding="UTF-8"?>
<beans xmlns="http://www.springframework.org/schema/beans"
	xmlns:xsi="http://www.w3.org/2001/XMLSchema-instance" 
	xmlns:context="http://www.springframework.org/schema/context"
	xmlns:tx="http://www.springframework.org/schema/tx"
	xsi:schemaLocation="
http://www.springframework.org/schema/beans
http://www.springframework.org/schema/beans/spring-beans-3.0.xsd
http://www.springframework.org/schema/context
http://www.springframework.org/schema/context/spring-context-3.0.xsd
http://www.springframework.org/schema/tx
http://www.springframework.org/schema/tx/spring-tx-3.0.xsd">

	<context:property-placeholder location="classpath:database.properties" />
	<context:component-scan base-package="com.mycompany" />

	<tx:annotation-driven transaction-manager="hibernateTransactionManager"/>

	<!-- <bean id="jspViewResolver"
		class="org.springframework.web.servlet.view.InternalResourceViewResolver">
		<property name="viewClass"
			value="org.springframework.web.servlet.view.JstlView" />
		<property name="prefix" value="/WEB-INF/views/" />
		<property name="suffix" value=".jsp" />
	</bean> -->
	
	<bean id="viewResolver"
    	class="org.springframework.web.servlet.view.UrlBasedViewResolver">
    	<property name="viewClass">
	        <value>
	            org.springframework.web.servlet.view.tiles2.TilesView
	        </value>
	    </property>
	</bean>
	<bean id="tilesConfigurer"
	    class="org.springframework.web.servlet.view.tiles2.TilesConfigurer">
	    <property name="definitions">
	        <list>
	            <value>/WEB-INF/config/tiles.xml</value>
	        </list>
	    </property>
	</bean>

	<bean id="dataSource"
		class="org.springframework.jdbc.datasource.DriverManagerDataSource">
		<property name="driverClassName" value="${database.driver}" />
		<property name="url" value="${database.url}" />
		<property name="username" value="root" />
		<property name="password" value="password" />
	</bean>

	<bean id="sessionFactory"
		class="org.springframework.orm.hibernate3.annotation.AnnotationSessionFactoryBean">
		<property name="dataSource" ref="dataSource" />
		<property name="annotatedClasses">
			<list>
				<value>com.mycompany.model.Employee</value>
			</list>
		</property>
		<property name="hibernateProperties">
			<props>
				<prop key="hibernate.dialect">${hibernate.dialect}</prop>
				<prop key="hibernate.show_sql">${hibernate.show_sql}</prop>
				<prop key="hibernate.hbm2ddl.auto">${hibernate.hbm2ddl.auto}</prop>				
			</props>
		</property>
	</bean>

	<bean id="hibernateTransactionManager"
		class="org.springframework.orm.hibernate3.HibernateTransactionManager">
		<property name="sessionFactory" ref="sessionFactory" />
	</bean>
	
</beans>