<?xml version="1.0" encoding="UTF-8" ?>
<!DOCTYPE tiles-definitions PUBLIC
       "-//Apache Software Foundation//DTD Tiles Configuration 2.0//EN"
       "http://tiles.apache.org/dtds/tiles-config_2_0.dtd">

<tiles-definitions>
    <definition name="base.definition" template="/WEB-INF/views/mainTemplate.jsp">
        <put-attribute name="title" value=""></put-attribute>
        <put-attribute name="header" value="/WEB-INF/views/header.jsp"></put-attribute>
        <put-attribute name="menu" value="/WEB-INF/views/menu.jsp"></put-attribute>
        <put-attribute name="body" value=""></put-attribute>
        <put-attribute name="footer" value="/WEB-INF/views/footer.jsp"></put-attribute>
    </definition>
 
    <definition name="addEmployee" extends="base.definition">
        <put-attribute name="title" value="Employee Data Form"></put-attribute>
        <put-attribute name="body" value="/WEB-INF/views/addEmployee.jsp"></put-attribute>
    </definition>
    
    <definition name="employeesList" extends="base.definition">
        <put-attribute name="title" value="Employees List"></put-attribute>
        <put-attribute name="body" value="/WEB-INF/views/employeesList.jsp"></put-attribute>
    </definition>
 
</tiles-definitions>