<?xml version="1.0" encoding="UTF-8"?>

<beans xmlns="http://www.springframework.org/schema/beans"
	xmlns:xsi="http://www.w3.org/2001/XMLSchema-instance"
	xmlns:context="http://www.springframework.org/schema/context"
	xsi:schemaLocation="http://www.springframework.org/schema/beans http://www.springframework.org/schema/beans/spring-beans.xsd
	http://www.springframework.org/schema/context http://www.springframework.org/schema/context/spring-context-2.5.xsd">

     <context:component-scan base-package="com.mycompany.spring" />

	<bean id="tutorial" class="com.mycompany.spring.Tutorial">
		<property name="topicsList">
			<list>
				<ref local="javaCore" />
				<ref local="scalaBasics" />
			</list>
		</property>
	</bean>
		
	<bean id="javaCore" class="com.mycompany.spring.Topic">
		<property name="name" value="JavaCore" />
	</bean>
	
	<bean id="scalaBasics" class="com.mycompany.spring.Topic">
		<property name="name" value="ScalaBasics" />
	</bean>	
	
	<bean id="training" class="com.mycompany.spring.Training">
		<property name="topic" value="#{tutorial.topicsList[1]}"/>
	</bean>
	
</beans>