<?xml version="1.0" encoding="UTF-8"?>
<beans xmlns="http://www.springframework.org/schema/beans"
	xmlns:xsi="http://www.w3.org/2001/XMLSchema-instance"
	xmlns:aop="http://www.springframework.org/schema/aop"
	xmlns:context="http://www.springframework.org/schema/context"
	xsi:schemaLocation="http://www.springframework.org/schema/beans http://www.springframework.org/schema/beans/spring-beans.xsd
		http://www.springframework.org/schema/aop http://www.springframework.org/schema/aop/spring-aop-3.0.xsd
		http://www.springframework.org/schema/context http://www.springframework.org/schema/context/spring-context-3.0.xsd">
<!-- understands all annotaion in spring beans -->
<!-- <context:annotation-config/>  -->

 <context:component-scan base-package="com.checkanno" />
<!-- </context:component-scan>  -->

<!-- does not understand component annotation use id instead  -->

<bean id="shapeFactory" class="com.annotation.ShapeFactory">
</bean>
<bean id="square" class="com.annotation.Square"></bean>
<bean id="shape" class="com.annotation.Rectangle"></bean>


</beans>
