<?xml version="1.0" encoding="UTF-8"?>
<beans xmlns="http://www.springframework.org/schema/beans"
	xmlns:xsi="http://www.w3.org/2001/XMLSchema-instance"
	xsi:schemaLocation="http://www.springframework.org/schema/beans http://www.springframework.org/schema/beans/spring-beans.xsd">
<!-- constr with name and dept -->
<bean id="myemp" class="com.constructorDI.Employee">
<constructor-arg type="java.lang.String" value="Ram"></constructor-arg>
<constructor-arg type="java.lang.String" value="Admin"></constructor-arg>
</bean>
<!-- constr with name and salary -->
<bean id="myemp1" class="com.constructorDI.Employee">
<constructor-arg index="0" value="Ram"></constructor-arg>
<constructor-arg index="1" type="int" value="100"></constructor-arg>
</bean>
<!-- constr with name and dept -->

<bean id="myemp2" class="com.constructorDI.Employee">
<constructor-arg index="0" value="Ram"></constructor-arg>
<constructor-arg index="1" value="Admin"></constructor-arg>
</bean>
<!-- throws exception because of 
ambiguous dependency while using index  in spring 3-->
<!-- works fine for spring 4 goes to the const
 with 2 string parameter  -->

<!-- <bean id="myemp3" class="com.constructorDI.Employee">
<constructor-arg  name="name" value="Ram"></constructor-arg>
<constructor-arg name="mobile" value="1000"></constructor-arg>
</bean> -->
<bean id="myemp4" class="com.constructorDI.Employee">
<constructor-arg name="name" index="0" value="Ram"></constructor-arg>
<constructor-arg name="department" value="ECE"></constructor-arg>
<constructor-arg name="salary" value="100"></constructor-arg>
</bean>
</beans>
