<?xml version="1.0" encoding="UTF-8"?>
<beans xmlns="http://www.springframework.org/schema/beans"
	xmlns:xsi="http://www.w3.org/2001/XMLSchema-instance"
	xsi:schemaLocation="http://www.springframework.org/schema/beans http://www.springframework.org/schema/beans/spring-beans.xsd">
	<bean id="stud1" class="com.constructorDI.Student">
		<constructor-arg name="name" value="Ram"></constructor-arg>
		<constructor-arg name="id" type="int" value="10"></constructor-arg>
	</bean>
	<bean id="addressBean" class="com.constructorDI.Address">
		<property name="city" value="Bangalore"></property>
		<property name="state" value="Kar"></property>
	</bean>
	<bean id="stud2" class="com.constructorDI.Student">
		<constructor-arg name="name" value="Ram"></constructor-arg>
		<constructor-arg name="address" ref="addressBean"></constructor-arg>
	</bean>
	<!-- using inner bean -->
	<bean id="stud3" class="com.constructorDI.Student">
		<constructor-arg name="name" value="Ram"></constructor-arg>
		<constructor-arg name="address">
			<bean class="com.constructorDI.Address">
				<property name="city" value="Chennai"></property>
			</bean>
		</constructor-arg>
	</bean>
</beans>
