<?xml version="1.0"?>
<!DOCTYPE hibernate-mapping PUBLIC "-//Hibernate/Hibernate Mapping DTD 3.0//EN"
"http://hibernate.sourceforge.net/hibernate-mapping-3.0.dtd">
<!-- Generated 10 Mar, 2014 3:31:39 PM by Hibernate Tools 3.4.0.CR1 -->
<hibernate-mapping>
    <class name="com.bean.Employee" table="EMP15">
        <id name="id" type="int">
            <column name="ID" />
            <generator class="sequence" />
        </id>
        <property name="name" type="java.lang.String">
            <column name="NAME" />
        </property>
        <property name="city" type="java.lang.String">
            <column name="CITY" />
        </property>
    </class>
</hibernate-mapping>
