<?xml version="1.0" encoding="UTF-8"?><students><student><firstName>Celina</firstName><lastName>Marcus</lastName><school>Little Flower</school><rollNumber>110009</rollNumber></student><student><firstName>Alex</firstName><lastName>Banjo</lastName><school>St. Mary's School</school><rollNumber>1111990</rollNumber></student><student><firstName>Alfred</firstName><lastName>Jonathan</lastName><school>Little Flower</school><rollNumber>230091</rollNumber></student><student><firstName>Rose</firstName><lastName>Winslet</lastName><school>Stanford High School</school><rollNumber>239908</rollNumber></student></students>